{
  "add_bos_token": true,
  "add_eos_token": false,
  "added_tokens_decoder": {
    "0": {
      "content": "<unk>",
      "lstrip": false,
      "normalized": false,
      "rstrip": false,
      "single_word": false,
      "special": true
    },
    "1": {
      "content": "<s>",
      "lstrip": false,
      "normalized": false,
      "rstrip": false,
      "single_word": false,
      "special": true
    },
    "2": {
      "content": "</s>",
      "lstrip": false,
      "normalized": false,
      "rstrip": false,
      "single_word": false,
      "special": true
    },
    "32000": {
      "content": "<|im_end|>",
      "lstrip": false,
      "normalized": false,
      "rstrip": false,
      "single_word": false,
      "special": true
    },
    "32001": {
      "content": "<|im_start|>",
      "lstrip": false,
      "normalized": false,
      "rstrip": false,
      "single_word": false,
      "special": false
    }
  },
  "additional_special_tokens": [
    "<unk>",
    "<s>",
    "</s>"
  ],
  "bos_token": "<s>",
  "clean_up_tokenization_spaces": false,
  "eos_token": "<|im_end|>",
  "legacy": true,
  "model_max_length": 1000000000000000019884624838656,
  "pad_token": "</s>",
  "sp_model_kwargs": {},
  "spaces_between_special_tokens": false,
  "tokenizer_class": "LlamaTokenizer",
  "trust_remote_code": false,
  "unk_token": "<unk>",
  "use_default_system_prompt": true,
  "use_fast": true
}
